transaction_ref,order_ref,amount,currency,payment_date,status
TXN-100000,order100000,24608.35,INR,2026-07-13,SUCCESS
TXN-101000,ORDER-101000,7349.61,INR,2026-06-26,SUCCESS
TXN102000,ORDER-102000,42593.26,INR,2026-08-14,SUCCESS
TXN103000,ORDER_103000,1899.96,INR,2026-07-29,SUCCESS
TXN-104000,ORDER_104000,11626.37,INR,2026-08-11,PENDING
TXN-105000,order105000,29109.32,INR,2026-08-15,SUCCESS
TXN106000,order106000,25253.10,INR,2026-06-23,SUCCESS
txn_108000,order108000,32133.17,INR,2026-08-27,SUCCESS
TXN109000,ORDER_109000,28623.27,INR,2026-08-20,SUCCESS
txn_110000,ORDER_110000,32218.39,INR,2026-06-28,SUCCESS
txn_111000,order111000,35854.52,INR,2026-07-04,SUCCESS
TXN-112000,ORDER_112000,41266.39,INR,2026-06-23,SUCCESS
txn_113000,ORDER_113000,28955.66,INR,2026-06-22,SUCCESS
txn_114000,ORDER_114000,16490.73,INR,2026-07-17,SUCCESS
TXN-115000,ORD115000,36993.92,INR,2026-06-28,SUCCESS
TXN-116000,ORD116000,48062.82,INR,2026-08-17,SUCCESS
TXN-117000,ORD117000,3960.72,INR,2026-07-12,SUCCESS
txn_118000,order118000,20827.42,INR,2026-07-24,SUCCESS
TXN-119000,ORDER-119000,7717.20,INR,2026-06-03,SUCCESS
txn_120000,ORD120000,30753.42,INR,2026-08-17,SUCCESS
txn_121000,ORD121000,38091.90,INR,2026-06-28,SUCCESS
txn_123000,ORDER-123000,41710.30,INR,2026-08-16,PENDING
TXN-124000,ORDER-124000,11299.75,INR,2026-08-30,SUCCESS
